Discord Name,Sono crew id,Source,Body,Head,Mask,Mouth,accessorie,Pet,Front Distance
snappytux,158,VIP,madhatter,whiterabbit,,rabbit-teeth,,,
Nat GM,716,VIP,DarkAlice,DarkAlice,crystal,lolipop,heart,,
fomopunk,54,VVIP,DarkKing,madhatter,spark_m,fish_m,,,
fomopunk,1046,VIP,Queenofheart,QueenofHeart,pink,cat,,,
Wipu,146,Discord,DarkHatter,darkhatter,jokermask,knife,,,
TM,452,Discord,sexyalice,alice,DarkPatternAni,fish_g,mask,Caterpillar,
sonoson,62,Artist,DarkQueen,chopped blue,DarkPatternAni,,,,
sonoson,463,Artist,RabbitTrumpet,DarkKing,fujinmask,Card,,,
littlefive95,685,twitter,KingofHeart,KingofHeart,,Redmoustache,,,
@RizaHafis,731,twitter,Alice,alice,pink,lolipop,,,
@ArisAsmaraSP,218,twitter,SexyQueenofHeart,BlackQueen,blackani,shy,,,
@ทูแมวไง,638,twitter,whiterabbit,Dodo,wooden,,,,
Semih.⌐◨-◨,157,twitter,CheshireCat,CheshireCat,icemask,,,,
mackey3630,112,twitter,DarkQueen,ShortBlond,black_g,smile_g,,,
@Ton_ScarFace,73,twitter,Tweedledum,madhatter,,Mouth-Sew,,Caterpillar,
@0xmdmtcok,734,twitter,sexyalice,DarkAlice,Furry,sharp teeth,,,
MrAkkapolr | SONO,940,VIP,SexyQueenofHeart,ShortBlond,ice-mask,warm breath,heart,,
